keyword,title,URL,text,translated
신・영상견문록,【新・映像見聞録 11】,https://www.youtube.com/watch,"【新・映像見聞録 11】城塞高地. 41 views41 views. Apr 12, 2022. 0. Dislike. Share. Save. NEKO KAPI. NEKO KAPI. 120 subscribers. Subscribe.",tmp
신・영상견문록,【新・映像見聞録】,https://txbiz.tv-tokyo.co.jp/,【新・映像見聞録】,tmp
신・영상견문록,【新・映像見聞録】,https://www.sanyonews.jp/article/1259704,【新・映像見聞録】,tmp
신・영상견문록,【新・映像見聞録】,https://www.gamers.co.jp/pn/%E3%80%90DVD%E3%80%91TV%20%E3%83%AB%E3%83%91%E3%83%B3%E4%B8%89%E4%B8%96%20%E6%9D%B1%E6%96%B9%E8%A6%8B%E8%81%9E%E9%8C%B2%20%EF%BD%9E%E3%82%A2%E3%83%8A%E3%82%B6%E3%83%BC%E3%83%9A%E3%83%BC%E3%82%B8%EF%BD%9E/pd/10086054/,【新・映像見聞録】,tmp
신・영상견문록,【新・映像見聞録】,https://www.monhan-rise-blog.com/pre-launch-info/instagram-eizoukenbunroku-haishinbi,【新・映像見聞録】,tmp
신・영상견문록,【新・映像見聞録】,http://casadoismastros.com/newslist/26863000/,【新・映像見聞録】,tmp
신・영상견문록,【新・映像見聞録】,https://nintendo-newsoku.com/archives/26693808.html,【新・映像見聞録】,tmp
신・영상견문록,【新・映像見聞録】,https://mh-w.antenam.jp/category/MHRIZE%E3%81%BE%E3%81%A8%E3%82%81/page:3,【新・映像見聞録】,tmp
신・영상견문록,【新・映像見聞録】,http://ebitsu.net/archives/83276543.html,【新・映像見聞録】,tmp
신・영상견문록,【新・映像見聞録】,https://hilcrhyme.com/news/342511,【新・映像見聞録】,tmp
신・영상견문록,【新・映像見聞録】,https://www.city.higashimurayama.tokyo.jp/kurashi/gomi/keihatsu/ecoecohigasimurayama.html,【新・映像見聞録】,tmp
신・영상견문록,【新・映像見聞録】,https://roe-solca.ec/index.php,【新・映像見聞録】,tmp
신・영상견문록,【新・映像見聞録】,https://natalie.mu/eiga/gallery/news/275201/894384,【新・映像見聞録】,tmp
신・영상견문록,【新・映像見聞録】,https://mhrise.more-gamer.com/archives/406,【新・映像見聞録】,tmp
신・영상견문록,【新・映像見聞録】,https://eiga.com/movie/88800/gallery/8/,【新・映像見聞録】,tmp
신・영상견문록,【新・映像見聞録】,https://otn.fujitv.co.jp/entertainment/,【新・映像見聞録】,tmp
신・영상견문록,【新・映像見聞録】,https://mhw.fuguai-online.com/2021/01/29/eizou-kenbunroku-minaosi/,【新・映像見聞録】,tmp
신・영상견문록,【新・映像見聞録】,http://contrattazioni.com/show/05541.html,【新・映像見聞録】,tmp
신・영상견문록,【新・映像見聞録】,https://news.mynavi.jp/techplus/article/kinmirai-technology-kenbunroku-133/,【新・映像見聞録】,tmp
신・영상견문록,【新・映像見聞録】,https://www.sanspo.com/article/20220511-PWBTF3Q3VBMJJGCWD6DG2IXXKE/,【新・映像見聞録】,tmp
신・영상견문록,【新・映像見聞録】,https://cgworld.jp/regular/,【新・映像見聞録】,tmp
신・영상견문록,【新・映像見聞録】,https://www.vwhomeandgarden.com/edbcbaaaa677304,【新・映像見聞録】,tmp
신・영상견문록,【新・映像見聞録】,https://grupomantra.com/views/zzubkrecorgetaks-24368.html,【新・映像見聞録】,tmp
신・영상견문록,【新・映像見聞録】,https://audiozoom.com.br/blog/zyxdniwonkenignenedr-25692.html,【新・映像見聞録】,tmp
신・영상견문록,【新・映像見聞録】,https://db.netkeiba.com/horse/1999110099/,【新・映像見聞録】,tmp
신・영상견문록,【新・映像見聞録】,https://goo.to/curation/756532,【新・映像見聞録】,tmp
신・영상견문록,【新・映像見聞録】,https://ja.wikipedia.org/wiki/%E3%83%86%E3%83%AC%E3%83%93%E7%A5%9E%E5%A5%88%E5%B7%9D%E7%95%AA%E7%B5%84%E6%94%BE%E9%80%81%E4%B8%80%E8%A6%A7,【新・映像見聞録】,tmp
신・영상견문록,【新・映像見聞録】,https://gure55maru.com/2022-5-8%EF%BC%88%E6%97%A5%EF%BC%89%E6%9D%B1%E4%BA%AC%E3%83%BB%E4%B8%AD%E4%BA%AC%E3%83%BB%E6%96%B0%E6%BD%9F%E3%81%AE%E7%8B%99%E3%81%84%E9%A6%AC/,【新・映像見聞録】,tmp
신・영상견문록,【新・映像見聞録】,http://xn--eckybzahmsm43ab5g5336c9iug.com/software/monster-hunter/rise/starting-today-at-2300-monster-hunter-rise-sunbreak-special-program-2022-5-10/,【新・映像見聞録】,tmp
신・영상견문록,【新・映像見聞録】,https://mainichi.jp/nara/,【新・映像見聞録】,tmp
신・영상견문록,【新・映像見聞録】,https://www.chunichi.co.jp/article/467152,【新・映像見聞録】,tmp
신・영상견문록,【新・映像見聞録】,https://hochi.news/articles/20220508-OHT1T51178.html,【新・映像見聞録】,tmp
신・영상견문록,【新・映像見聞録】,https://comic-walker.com/,【新・映像見聞録】,tmp
신・영상견문록,【新・映像見聞録】,https://sendai.keizai.biz/release/123849/,【新・映像見聞録】,tmp
신・영상견문록,【新・映像見聞録】,https://www.yomiuri.co.jp/stream/article/19319/,【新・映像見聞録】,tmp
신・영상견문록,【新・映像見聞録】,https://www.okinawatimes.co.jp/articles/-/954601,【新・映像見聞録】,tmp
신・영상견문록,【新・映像見聞録】,https://web.ultra-soccer.jp/news/view,【新・映像見聞録】,tmp
신・영상견문록,【新・映像見聞録】,https://stringfixer.com/tags/%E6%98%A0%E5%83%8F%E8%A6%8B%E8%81%9E%E9%8C%B2,【新・映像見聞録】,tmp
신・영상견문록,【新・映像見聞録】,https://wagakkiband.com/,【新・映像見聞録】,tmp
신・영상견문록,【新・映像見聞録】,https://switchsoku.com/soft/monsterhunter/55489,【新・映像見聞録】,tmp
신・영상견문록,【新・映像見聞録】,https://topics.nintendo.co.jp/article/3a488f0b-a0a7-4a97-86e8-0ab10c071f84,【新・映像見聞録】,tmp
신・영상견문록,【新・映像見聞録】,https://monsterhunter.gamedivers.com/archives/84004,【新・映像見聞録】,tmp
신・영상견문록,【新・映像見聞録】,https://c.myjcom.jp/jtele/p/J00000006459/,【新・映像見聞録】,tmp
신・영상견문록,【新・映像見聞録】,https://monsterhunter.5chmap.com/,【新・映像見聞録】,tmp
신・영상견문록,【新・映像見聞録】,https://www.excite.co.jp/news/article/Prtimes_2022-04-21-13450-3048/,【新・映像見聞録】,tmp
신・영상견문록,【新・映像見聞録】,https://article.auone.jp/detail/1/3/7/206_7_r_20220421_1650526232011844,【新・映像見聞録】,tmp
신・영상견문록,【新・映像見聞録】,https://mhrise.gamers-labo.com/archives/8992,【新・映像見聞録】,tmp
신・영상견문록,【新・映像見聞録】,https://www.inside-games.jp/article/2022/03/30/137508.html,【新・映像見聞録】,tmp
신・영상견문록,【新・映像見聞録】,https://www.animatetimes.com/tag/details.php,【新・映像見聞録】,tmp
신・영상견문록,【新・映像見聞録】,https://www.appbank.net/2022/04/19/consumer/2223926.php,【新・映像見聞録】,tmp
신・영상견문록,【新・映像見聞録】,https://appspark.jp/%E3%80%90mhrise%E3%80%91%E3%80%8C%E6%96%B0%E3%83%BB%E6%98%A0%E5%83%8F%E8%A6%8B%E8%81%9E%E9%8C%B22%E3%80%8D%E3%81%8C%E5%85%AC%E9%96%8B%EF%BC%81%E3%80%80amiibo%E3%81%A7%E6%89%8B%E3%81%AB%E5%85%A5/,【新・映像見聞録】,tmp
신・영상견문록,【新・映像見聞録】,https://nitter.net/i/status/1519617424303304704,【新・映像見聞録】,tmp
신・영상견문록,【新・映像見聞録】,https://nitter.net/i/status/1518862450770202624,【新・映像見聞録】,tmp
신・영상견문록,【新・映像見聞録】,http://monhan-mhw.com/archives/87976970.html,【新・映像見聞録】,tmp
신・영상견문록,【新・映像見聞録】,https://www.trendsmap.com/twitter/tweet/1517337395531862018,【新・映像見聞録】,tmp
신・영상견문록,【新・映像見聞録】,https://game.watch.impress.co.jp/docs/news/1402956.html,【新・映像見聞録】,tmp
신・영상견문록,【新・映像見聞録】,http://moudamepo.com/pick.cgi,【新・映像見聞録】,tmp
신・영상견문록,【新・映像見聞録】,https://headtopics.com/jp/2957922269123981209516-25788372,【新・映像見聞録】,tmp
신・영상견문록,【新・映像見聞録】,https://monsterya.com/archives/2022_04_02_28971251/.html,【新・映像見聞録】,tmp
신・영상견문록,【新・映像見聞録】,https://www.tnc.co.jp/information/archives/750,【新・映像見聞録】,tmp
신・영상견문록,【新・映像見聞録】,https://game.4g63evo.net/,【新・映像見聞録】,tmp
신・영상견문록,【新・映像見聞録】,https://www.inside-games.jp/article/2022/05/06/138054.html,【新・映像見聞録】,tmp
신・영상견문록,【新・映像見聞録】,https://mh.game-corps.com/archives/493,【新・映像見聞録】,tmp
신・영상견문록,【新・映像見聞録】,https://www.gamespark.jp/article/2022/04/14/117772.html,【新・映像見聞録】,tmp
신・영상견문록,【新・映像見聞録】,https://gamestalk.net/post-151481/,【新・映像見聞録】,tmp
신・영상견문록,【新・映像見聞録】,https://inari-sb.com/mar-sun-teliza2/,【新・映像見聞録】,tmp
신・영상견문록,【新・映像見聞録】,https://krsw.5ch.net/test/read.cgi/ghard/1603192362/,【新・映像見聞録】,tmp
신・영상견문록,【新・映像見聞録】,https://pttyes.com/MH/M.1649207948.A.811,【新・映像見聞録】,tmp
신・영상견문록,【新・映像見聞録】,https://monhun.antenna-portal-site.com/archives/19928,【新・映像見聞録】,tmp
신・영상견문록,【新・映像見聞録】,https://www.kensei-online.com/detail.php,【新・映像見聞録】,tmp
신・영상견문록,【新・映像見聞録】,https://www.ktv.jp/kenbutsu/,【新・映像見聞録】,tmp
신・영상견문록,【新・映像見聞録】,https://nameless-net.com/archives/26258,【新・映像見聞録】,tmp
신・영상견문록,【新・映像見聞録】,https://esportscatch.com/matome/337500/,【新・映像見聞録】,tmp
신・영상견문록,【新・映像見聞録】,https://www.mhw-blog.com/mhrise-sunbreak-info/%E3%82%B5%E3%83%B3%E3%83%96%E3%83%AC%E3%82%A4%E3%82%AF%E3%81%AE%E3%82%AE%E3%82%B6%E3%83%9F%E8%A3%85%E5%82%99%E3%81%A8%E3%83%93%E3%82%B7%E3%83%A5%E3%83%86%E3%83%B3%E3%82%B4%E4%BA%9C%E7%A8%AE%E3%83%86,【新・映像見聞録】,tmp
신・영상견문록,【新・映像見聞録】,https://gameisbest.jp/archives/48534,【新・映像見聞録】,tmp
신・영상견문록,【新・映像見聞録】,https://altema.jp/mhrize/,【新・映像見聞録】,tmp
신・영상견문록,【新・映像見聞録】,https://ent.smt.docomo.ne.jp/article/13105620,【新・映像見聞録】,tmp
신・영상견문록,【新・映像見聞録】,https://7net.omni7.jp/general/005109/1703goripara,【新・映像見聞録】,tmp
신・영상견문록,【新・映像見聞録】,https://xsionx.com/antena/post-18878/,【新・映像見聞録】,tmp
신・영상견문록,【新・映像見聞録】,https://gamemix.jp/show/64847,【新・映像見聞録】,tmp
사냥의 인도서,【狩猟の導き書サブレ】,https://www.ikataco.com/entry/2021/01/01/mhrise-top,【狩猟の導き書サブレ】,tmp
사냥의 인도서,【狩猟の導き書サブレ】,http://blog.livedoor.jp/m_h_rise/archives/9607508.html,【狩猟の導き書サブレ】,tmp
사냥의 인도서,【狩猟の導き書サブレ】,https://www.monsterhunter.com/ja/20210202/%E3%83%A2%E3%83%B3%E3%83%8F%E3%83%B3%E3%83%A9%E3%82%A4%E3%82%BA%E3%80%80%E7%8B%A9%E7%8C%9F%E3%81%AE%E5%B0%8E%E3%81%8D%E6%9B%B8/,【狩猟の導き書サブレ】,tmp
사냥의 인도서,【狩猟の導き書サブレ】,https://mhrmatome.com/archives/5279,【狩猟の導き書サブレ】,tmp
사냥의 인도서,【狩猟の導き書サブレ】,https://grand-things.info/category/%E3%83%A2%E3%83%B3%E3%83%8F%E3%83%B3rise,【狩猟の導き書サブレ】,tmp
사냥의 인도서,【狩猟の導き書サブレ】,https://altema.jp/mhrize/,【狩猟の導き書サブレ】,tmp
사냥의 인도서,【狩猟の導き書サブレ】,http://mhw.2chblog.jp/lite/archives/31391798/comments/2828105/,【狩猟の導き書サブレ】,tmp
사냥의 인도서,【狩猟の導き書サブレ】,https://mhmatome.com/,【狩猟の導き書サブレ】,tmp
사냥의 인도서,【狩猟の導き書サブレ】,https://www.inside-games.jp/article/2021/06/25/133136.html,【狩猟の導き書サブレ】,tmp
사냥의 인도서,【狩猟の導き書サブレ】,https://store-jp.nintendo.com/list/software/70050000028266.html,【狩猟の導き書サブレ】,tmp
사냥의 인도서,【狩猟の導き書サブレ】,https://automaton-media.com/articles/newsjp/20210413-157713/,【狩猟の導き書サブレ】,tmp
사냥의 인도서,【狩猟の導き書サブレ】,https://www.excite.co.jp/news/article/Inside_133136/,【狩猟の導き書サブレ】,tmp
사냥의 인도서,【狩猟の導き書サブレ】,http://www.twtimez.net/history/history1387360950429306883.html,【狩猟の導き書サブレ】,tmp
사냥의 인도서,【狩猟の導き書サブレ】,https://matome-antenna.com/mhrise/archives/16536,【狩猟の導き書サブレ】,tmp
사냥의 인도서,【狩猟の導き書サブレ】,https://mhrise.more-gamer.com/archives/2717,【狩猟の導き書サブレ】,tmp
사냥의 인도서,【狩猟の導き書サブレ】,https://gigankuzu.com/heavynews1/,【狩猟の導き書サブレ】,tmp
사냥의 인도서,【狩猟の導き書サブレ】,https://gamewith.jp/mhrize/article/show/295191,【狩猟の導き書サブレ】,tmp
사냥의 인도서,【狩猟の導き書サブレ】,https://tgd.kr/s/ddraming/63799178,【狩猟の導き書サブレ】,tmp
사냥의 인도서,【狩猟の導き書サブレ】,https://gameleaks.org/game/archives/26422,【狩猟の導き書サブレ】,tmp
사냥의 인도서,【狩猟の導き書サブレ】,https://www.fmkorea.com/4316701765,【狩猟の導き書サブレ】,tmp
사냥의 인도서,【狩猟の導き書サブレ】,https://ja.whotwi.com/hn_mafty/tweets/user/MH_Rise_JP,【狩猟の導き書サブレ】,tmp
사냥의 인도서,【狩猟の導き書サブレ】,https://www.trendsmap.com/twitter/tweet/1468535833804230656,【狩猟の導き書サブレ】,tmp
사냥의 인도서,【狩猟の導き書サブレ】,https://monhun.antenna-portal-site.com/archives/16866,【狩猟の導き書サブレ】,tmp
사냥의 인도서,【狩猟の導き書サブレ】,https://monsterhunter.gamedivers.com/archives/85402,【狩猟の導き書サブレ】,tmp
사냥의 인도서,【狩猟の導き書サブレ】,https://game.4g63evo.net/,【狩猟の導き書サブレ】,tmp
사냥의 인도서,【狩猟の導き書サブレ】,https://mhrise.gamers-labo.com/archives/9881,【狩猟の導き書サブレ】,tmp
사냥의 인도서,【狩猟の導き書サブレ】,https://mh.game-corps.com/archives/616,【狩猟の導き書サブレ】,tmp
사냥의 인도서,【狩猟の導き書サブレ】,https://appspark.jp/%E3%80%90mhrise%E3%80%911%E6%9C%88%E3%82%88%E3%82%8A%E7%8B%A9%E7%8C%9F%E3%81%AE%E5%B0%8E%E3%81%8D%E6%9B%B8%E3%81%AE%E3%82%B5%E3%83%B3%E3%83%96%E3%83%AC%E3%82%A4%E3%82%AF%E7%B7%A8%E3%80%8C%E7%8B%A9/,【狩猟の導き書サブレ】,tmp
사냥의 인도서,【狩猟の導き書サブレ】,https://www.mhw-blog.com/mhrise-sunbreak-info/%E3%82%B5%E3%83%B3%E3%83%96%E3%83%AC%E3%82%A4%E3%82%AF%E3%83%A8%E3%83%84%E3%83%9F%E3%83%AF%E3%83%89%E3%82%A6%E4%BA%9C%E7%A8%AE%E3%81%A3%E3%81%BD%E3%81%84%E9%9D%92%E3%81%84%E7%94%9F%E7%89%A9,【狩猟の導き書サブレ】,tmp
사냥의 인도서,【狩猟の導き書サブレ】,https://mhwmatome.antenam.jp/categories/all/page:82,【狩猟の導き書サブレ】,tmp
사냥의 인도서,【狩猟の導き書サブレ】,https://game8.jp/mhrise/404220,【狩猟の導き書サブレ】,tmp
사냥의 인도서,【狩猟の導き書サブレ】,https://twfan.net/user/1299150935810162689/retweet/32,【狩猟の導き書サブレ】,tmp
사냥의 인도서,【狩猟の導き書サブレ】,https://comedydouga.com/apexlegends/2022/04/15/676145/,【狩猟の導き書サブレ】,tmp
사냥의 인도서,【狩猟の導き書サブレ】,https://xsionx.com/antena/post-16708/,【狩猟の導き書サブレ】,tmp
사냥의 인도서,【狩猟の導き書サブレ】,https://monsterhunter.matomegamer.com/rssview/14722,【狩猟の導き書サブレ】,tmp
사냥의 인도서,タイトルも「狩猟の導き書サブレ」として一新！ほどよいくらいの情報を年始から、できるだけ毎週更新でやっていきたいという気持ちでいっぱいです。 仕事 ...】,https://twitter.com/mh_rise_jp/status/1474311385832046595,タイトルも「狩猟の導き書サブレ」として一新！ほどよいくらいの情報を年始から、できるだけ毎週更新でやっていきたいという気持ちでいっぱいです。 仕事 ...,tmp
개발 일러스트,開発イラスト,https://colopl.co.jp/magicianwiz/lp/thanks2019/illust.php,開発イラスト,tmp
개발 일러스트,開発イラスト,https://www.5sg.jp/,開発イラスト,tmp
개발 일러스트,開発イラスト,https://haken.en-japan.com/w_61863979/,開発イラスト,tmp
개발 일러스트,開発イラスト,https://jp.freepik.com/vectors/development,開発イラスト,tmp
개발 일러스트,開発イラスト,https://www.irasutoya.com/p/figure.html,開発イラスト,tmp
개발 일러스트,開発イラスト,https://www.nds-tyo.co.jp/e-bizillust/,開発イラスト,tmp
개발 일러스트,開発イラスト,https://spacegoods.net/SHOP/BS-39.html,開発イラスト,tmp
개발 일러스트,開発イラスト,https://www.peltosiemen.fi/31703/694982.html,開発イラスト,tmp
개발 일러스트,開発イラスト,https://www.unibo.jp/products/detail.php,開発イラスト,tmp
개발 일러스트,開発イラスト,https://www.photolibrary.jp/img844/403937_6791272.html,開発イラスト,tmp
개발 일러스트,開発イラスト,https://www.banyaro.net/news/,開発イラスト,tmp
개발 일러스트,開発イラスト,https://search.rakuten.co.jp/search/mall/%E3%83%93%E3%82%B8%E3%83%8D%E3%82%B9+%E3%82%A4%E3%83%A9%E3%82%B9%E3%83%88+%E7%B4%A0%E6%9D%90%E9%9B%86/209130/,開発イラスト,tmp
개발 일러스트,開発イラスト,https://www.nikkei.com/article/DGXZQOUC117QW0R10C22A4000000/,開発イラスト,tmp
개발 일러스트,開発イラスト,https://developer.aiming-inc.com/tag/%E3%82%A4%E3%83%A9%E3%82%B9%E3%83%88/,開発イラスト,tmp
개발 일러스트,開発イラスト,https://imagemart.aflo.com/ja/contents/161240853,開発イラスト,tmp
개발 일러스트,開発イラスト,https://paiza.hatenablog.com/entry/2020/04/16/%E3%80%902020%E5%B9%B4%E7%89%88%E3%80%91%E7%84%A1%E6%96%99%EF%BC%86%E5%95%86%E7%94%A8%E5%88%A9%E7%94%A8%E5%8F%AF%E8%83%BD%E3%81%AA%E3%82%A4%E3%83%A9%E3%82%B9%E3%83%88%E7%94%BB%E5%83%8F%E3%82%92%E6%8F%90,開発イラスト,tmp
개발 일러스트,開発イラスト,https://plus.amanaimages.com/items/search/%E3%82%B7%E3%82%B9%E3%83%86%E3%83%A0%E9%96%8B%E7%99%BA,開発イラスト,tmp
개발 일러스트,開発イラスト,https://www.fotosearch.jp/CSP994/k15698679/,開発イラスト,tmp
개발 일러스트,開発イラスト,https://rehda.com/4162/944613.html,開発イラスト,tmp
개발 일러스트,開発イラスト,http://puskeu.polri.go.id/85d0puske71a549-p-1790966,開発イラスト,tmp
개발 일러스트,開発イラスト,https://hang.theshop.jp/items/28300167,開発イラスト,tmp
개발 일러스트,開発イラスト,http://nagaitsutomuworks.com/,開発イラスト,tmp
개발 일러스트,開発イラスト,https://emoshu.co.jp/blog/archives/21,開発イラスト,tmp
개발 일러스트,開発イラスト,https://gigazine.net/news/20220121-how-waifu-labs-create/,開発イラスト,tmp
개발 일러스트,開発イラスト,https://www.amazon.co.jp/%E5%AE%8C%E5%85%A8%E3%81%BE%E3%82%93%E3%81%8C%E3%82%A4%E3%83%A9%E3%82%B9%E3%83%88%E5%9B%B3%E8%A7%A3-%E7%A7%98%E6%9B%B8%E7%9A%84%E3%80%8C%E4%BB%95%E4%BA%8B%E3%81%AE%E3%81%97%E3%81%8B%E3%81%9F%E3%80%8D%E2%80%95%E3%82%AA%E3%83%95%E3%82%A3%E3%82%B9%E3%81%AE%E3%83%9E%E3%83%AB%E3%83%81%E3%83%97%E3%83%AC%E3%83%BC%E3%83%A4%E3%83%BC%E3%81%AB%E3%81%AA%E3%82%8B%E3%81%9F%E3%82%81%E3%81%AB-%E3%82%84%E3%81%95%E3%81%97%E3%81%84%E3%82%AA%E3%83%95%E3%82%A3%E3%82%B9%E3%83%9E%E3%83%8B%E3%83%A5%E3%82%A2%E3%83%AB-%E3%83%93%E3%82%B8%E3%83%8D%E3%82%B9%E8%83%BD%E5%8A%9B%E9%96%8B%E7%99%BA%E7%A0%94%E7%A9%B6%E4%BC%9A/dp/4898262236,開発イラスト,tmp
개발 일러스트,開発イラスト,https://www.hmv.co.jp/artist_%E3%83%AB%E3%82%A4%E3%83%BC%E3%82%BA%E3%83%BB%E3%82%B9%E3%83%94%E3%83%AB%E3%82%BA%E3%83%99%E3%83%AA%E3%83%BC_000000000726953/item_%E3%81%BF%E3%82%93%E3%81%AA%E3%81%A7%E5%AD%A6%E3%81%BC%E3%81%8617%E3%81%AE%E3%82%B4%E3%83%BC%E3%83%AB-%E3%82%A4%E3%83%A9%E3%82%B9%E3%83%88%E3%83%96%E3%83%83%E3%82%AFSDGs-%E5%9B%BD%E9%80%A3%E3%81%A8%E3%82%81%E3%81%96%E3%81%99%E6%8C%81%E7%B6%9A%E5%8F%AF%E8%83%BD%E3%81%AA%E9%96%8B%E7%99%BA%E7%9B%AE%E6%A8%99_11887483,開発イラスト,tmp
개발 일러스트,開発イラスト,https://aidco.jp/illustration-2/sns/,開発イラスト,tmp
개발 일러스트,開発イラスト,https://www.atpress.ne.jp/news/302658,開発イラスト,tmp
개발 일러스트,開発イラスト,https://www.itmedia.co.jp/news/articles/2201/12/news039.html,開発イラスト,tmp
개발 일러스트,開発イラスト,https://www.silhouette-illust.com/keyword/%E9%96%8B%E7%99%BA%E8%80%85,開発イラスト,tmp
개발 일러스트,開発イラスト,https://kaedeee.com/app-famous-illustrate-download-site/,開発イラスト,tmp
개발 일러스트,開発イラスト,https://www.ac-illust.com/main/search_result.php,開発イラスト,tmp
개발 일러스트,開発イラスト,https://www.ac-illust.com/main/search_result.php,開発イラスト,tmp
개발 일러스트,開発イラスト,https://pixta.jp/tags/%E9%96%8B%E7%99%BA,開発イラスト,tmp
개발 일러스트,開発イラスト,https://www.istockphoto.com/jp/%E3%82%A4%E3%83%A9%E3%82%B9%E3%83%88/%E3%82%B7%E3%82%B9%E3%83%86%E3%83%A0%E9%96%8B%E7%99%BA,開発イラスト,tmp
개발 일러스트,開発イラスト,https://www.istockphoto.com/jp/%E3%82%A4%E3%83%A9%E3%82%B9%E3%83%88/%E9%96%8B%E7%99%BA,開発イラスト,tmp
개발 일러스트,開発イラスト,https://www.gettyimages.co.jp/%E3%82%A4%E3%83%A9%E3%82%B9%E3%83%88/%E3%82%B7%E3%82%B9%E3%83%86%E3%83%A0%E9%96%8B%E7%99%BA,開発イラスト,tmp
개발 일러스트,開発イラスト,https://www.silhouette-ac.com/category.html,開発イラスト,tmp
개발 일러스트,開発イラスト,https://www.illust-box.jp/sozai/all/kw_%E9%96%8B%E7%99%BA/,開発イラスト,tmp
개발 일러스트,開発イラスト,https://www.shutterstock.com/search/%E9%96%8B%E7%99%BA+%E3%82%A4%E3%83%A9%E3%82%B9%E3%83%88+%E3%82%A2%E3%82%A4%E3%82%BD%E3%83%A1%E3%83%88%E3%83%AA%E3%83%83%E3%82%AF,開発イラスト,tmp
개발 일러스트,開発イラスト,https://www.monsterhunter.com/mhb/st2_gallery/,開発イラスト,tmp
개발 일러스트,開発イラスト,https://www.pinterest.jp/pin/466755948892226411/,開発イラスト,tmp
개발 일러스트,開発イラスト,https://www.pixiv.net/tags/%E5%95%86%E5%93%81%E9%96%8B%E7%99%BA,開発イラスト,tmp
개발 일러스트,開発イラスト,https://www.kyokuto.com/hataraku/2016.html,開発イラスト,tmp
개발 일러스트,開発イラスト,https://www.ipa.go.jp/files/000006458.pdf,開発イラスト,tmp
개발 일러스트,開発イラスト,https://www.urbankk.co.jp/recruit/recruit-blog/10962.html/attachment/%E7%A7%8B%E7%B4%85%E8%91%89%E3%80%80%E3%82%A4%E3%83%A9%E3%82%B9%E3%83%88%E3%82%84,開発イラスト,tmp
개발 일러스트,開発イラスト,https://hrmos.co/pages/aktsk/jobs/0000287,開発イラスト,tmp
개발 일러스트,開発イラスト,https://jp.ricoh.com/release/2021/0621_1,開発イラスト,tmp
개발 일러스트,開発イラスト,https://dt-a.jp/blog/,開発イラスト,tmp
개발 일러스트,開発イラスト,http://www.shokuno.co.jp/,開発イラスト,tmp
개발 일러스트,開発イラスト,https://maps.google.com/maps/ms,開発イラスト,tmp
개발 일러스트,開発イラスト,https://doda.jp/DodaFront/View/JobSearchDetail/j_jid__3006149493/,開発イラスト,tmp
개발 일러스트,開発イラスト,https://www.canstockphoto.jp/%E3%82%A6%E3%82%A7%E3%83%96%E3%82%B5%E3%82%A4%E3%83%88-%E9%96%8B%E7%99%BA-%E7%AD%89%E5%A4%A7-%E3%82%A4%E3%83%A9%E3%82%B9%E3%83%88-67894166.html,開発イラスト,tmp
개발 일러스트,開発イラスト,https://www.nijibox.jp/service,開発イラスト,tmp
개발 일러스트,開発イラスト,https://www.ehonnavi.net/ehon00.asp,開発イラスト,tmp
개발 일러스트,開発イラスト,https://www.sun-a.com/magazine/detail.php,開発イラスト,tmp
개발 일러스트,開発イラスト,https://twitter.com/key_official/status/1277439334623264769,開発イラスト,tmp
개발 일러스트,開発イラスト,https://www.studioget.co.jp/advance/illust.html,開発イラスト,tmp
개발 일러스트,開発イラスト,https://recruit.jobcan.jp/crrecruit/list/a011,開発イラスト,tmp
